<?xml version="1.0" encoding="UTF-8" standalone="no"?>
<beast beautitemplate='Standard' beautistatus='' namespace="beast.core:beast.evolution.alignment:beast.evolution.tree.coalescent:beast.core.util:beast.evolution.nuc:beast.evolution.operators:beast.evolution.sitemodel:beast.evolution.substitutionmodel:beast.evolution.likelihood:beast.util" version="2.0">


<map name="prior">beast.math.distributions.Prior</map>

<map name="taxonset">beast.evolution.alignment.TaxonSet</map>
<map name="taxon">beast.evolution.alignment.Taxon</map>

<taxonset id="taxa">
  <taxon id="A"/>
  <taxon id="B"/>
  <taxon id="C"/>
  <taxon id="D"/>
</taxonset>

<data id="usertype.al" spec="AlignmentFromTrait">
  <traitSet id="traitSet" spec="beast.evolution.tree.TraitSet" taxa="@taxa" traitname="discrete">
    A=1,B=2,C=3,D=1
  </traitSet>
  <userDataType codeMap="1=0,2=1,3=2,?=0 1 2" codelength="-1" id="usertype"
		spec="beast.evolution.datatype.UserDataType" states="3"/>
</data>

<tree id="tsttree" name="stateNode">
  <taxonset id="TaxonSet.tst" spec="TaxonSet">
    <data idref="usertype.al" name="alignment"/>
  </taxonset>
</tree>

<init estimate="false" id="RandomTree.t:tst" initial="@tsttree" spec="beast.evolution.tree.RandomTree" taxa="@tst">
  <populationModel id="cpop" spec="ConstantPopulation">
    <parameter id="pop" name="popSize">1.0</parameter>
  </populationModel>
</init>



<run chainLength="500" id="mcmc" spec="MCMC">
  <state id="state" storeEvery="5000">
    <stateNode idref="tsttree"/>
    <parameter id="frequencies" name="stateNode" spec="parameter.RealParameter" dimension="3" value=".3 .1 .6"/>
  </state>
  
  <distribution id="posterior" spec="util.CompoundDistribution">
    <distribution id="likelihood" spec="util.CompoundDistribution">

      <distribution data="@usertype.al" id="treeLikelihood" spec="TreeLikelihood" tree="@tsttree">
        <siteModel id="SiteModel.s:tst" spec="SiteModel">
          <parameter estimate="false" id="mu" name="mutationRate">1.0</parameter>
          <parameter estimate="false" id="gam" name="shape">1.0</parameter>
          <parameter estimate="false" id="pro" lower="0.0" name="proportionInvariant" upper="1.0">0.0</parameter>
	  
          <substModel id="mk" spec="LewisMK" datatype="@usertype">
              <frequencies id="freqs" spec="Frequencies">
		<frequencies idref="frequencies"/>
	      </frequencies>
           </substModel>
	    
        </siteModel>
	
        <branchRateModel id="StrictClock" spec="beast.evolution.branchratemodel.StrictClockModel">
          <parameter estimate="false" id="clockRate.c:tst" name="clock.rate">1.0</parameter>
        </branchRateModel>
      </distribution>

      <distribution data="@usertype.al" id="treeLikelihood1" spec="TreeLikelihood" tree="@tsttree">
        <siteModel id="SiteModel1.s:tst" spec="SiteModel">
          <parameter idref="mu" name="mutationRate"/>
          <parameter idref="gam" name="shape"/>
          <parameter idref="pro" name="proportionInvariant"/>

            <substModel id="svs" spec="SVSGeneralSubstitutionModel">
	      <parameter name="rateIndicator" spec="parameter.BooleanParameter" dimension="3" value="true true true"/>
	      <parameter name="rates" spec="parameter.RealParameter" dimension="3" value="1.0 1.0 1.0"/>
              <frequencies idref="freqs"/>
            </substModel>	    
        </siteModel>
	
        <branchRateModel idref="StrictClock"/>
      </distribution>
    </distribution>
  </distribution>

  <operator id="slide" spec="SubtreeSlide" tree="@tsttree" weight="1"/>

  <operator delta="0.01" id="FrequenciesExchanger" spec="DeltaExchangeOperator" weight="1">
    <parameter idref="frequencies"/>
  </operator>
  
  <logger fileName="t2.log" id="tracelog" logEvery="1" model="@posterior"
	  sanitiseHeaders="true" sort="smart">
    <log idref="treeLikelihood"/>
    <log idref="treeLikelihood1"/>
    <log id="TreeHeight.t:tst" spec="beast.evolution.tree.TreeHeightLogger" tree="@tsttree"/>
    <log id="ldiff" spec='beast.util.Script' argnames="x y" expression='abs(x - y)'>
      <x idref='treeLikelihood'/>
      <x idref='treeLikelihood1'/>
    </log>
    
  </logger>

  <logger id="screenlog" logEvery="1">
    <log idref="treeLikelihood"/>
    <log idref="treeLikelihood1"/>
    <log idref="TreeHeight.t:tst" />
    <log idref="ldiff"/>
  </logger>

</run>

</beast>

